file,source,rights,shortcode,date
2018-08-26_Bm8x6rYj1E5.jpg,instagram.com/@shavitness post Bm8x6rYj1E5,client-owned social post (@shavitness); reuse pending Shavit written sign-off,Bm8x6rYj1E5,2018-08-26
2019-08-11_B1ANBo4gwM-.jpg,instagram.com/@shavitness post B1ANBo4gwM-,client-owned social post (@shavitness); reuse pending Shavit written sign-off,B1ANBo4gwM-,2019-08-11
2019-08-31_B113zzngpMB.jpg,instagram.com/@shavitness post B113zzngpMB,client-owned social post (@shavitness); reuse pending Shavit written sign-off,B113zzngpMB,2019-08-31
2019-12-20_B6TbfcfgSB4_0.jpg,instagram.com/@shavitness post B6TbfcfgSB4,client-owned social post (@shavitness); reuse pending Shavit written sign-off,B6TbfcfgSB4,2019-12-20
2019-12-20_B6TbfcfgSB4_1.jpg,instagram.com/@shavitness post B6TbfcfgSB4,client-owned social post (@shavitness); reuse pending Shavit written sign-off,B6TbfcfgSB4,2019-12-20
2019-12-20_B6TbfcfgSB4_2.jpg,instagram.com/@shavitness post B6TbfcfgSB4,client-owned social post (@shavitness); reuse pending Shavit written sign-off,B6TbfcfgSB4,2019-12-20
2020-07-03_CCMHiGVgf5T_0.jpg,instagram.com/@shavitness post CCMHiGVgf5T,client-owned social post (@shavitness); reuse pending Shavit written sign-off,CCMHiGVgf5T,2020-07-03
2020-07-03_CCMHiGVgf5T_1.jpg,instagram.com/@shavitness post CCMHiGVgf5T,client-owned social post (@shavitness); reuse pending Shavit written sign-off,CCMHiGVgf5T,2020-07-03
2020-11-26_CIELgJBgDpO.jpg,instagram.com/@shavitness post CIELgJBgDpO,client-owned social post (@shavitness); reuse pending Shavit written sign-off,CIELgJBgDpO,2020-11-26
2021-04-30_COS_fTbAC-o.jpg,instagram.com/@shavitness post COS_fTbAC-o,client-owned social post (@shavitness); reuse pending Shavit written sign-off,COS_fTbAC-o,2021-04-30
2021-06-23_CQeDOLXn3if_0.jpg,instagram.com/@shavitness post CQeDOLXn3if,client-owned social post (@shavitness); reuse pending Shavit written sign-off,CQeDOLXn3if,2021-06-23
2021-06-23_CQeDOLXn3if_1.jpg,instagram.com/@shavitness post CQeDOLXn3if,client-owned social post (@shavitness); reuse pending Shavit written sign-off,CQeDOLXn3if,2021-06-23
2021-06-23_CQeDOLXn3if_2.jpg,instagram.com/@shavitness post CQeDOLXn3if,client-owned social post (@shavitness); reuse pending Shavit written sign-off,CQeDOLXn3if,2021-06-23
2022-01-29_CZUcaYvrfvj_0.jpg,instagram.com/@shavitness post CZUcaYvrfvj,client-owned social post (@shavitness); reuse pending Shavit written sign-off,CZUcaYvrfvj,2022-01-29
2022-01-29_CZUcaYvrfvj_1.jpg,instagram.com/@shavitness post CZUcaYvrfvj,client-owned social post (@shavitness); reuse pending Shavit written sign-off,CZUcaYvrfvj,2022-01-29
2022-01-29_CZUcaYvrfvj_2.jpg,instagram.com/@shavitness post CZUcaYvrfvj,client-owned social post (@shavitness); reuse pending Shavit written sign-off,CZUcaYvrfvj,2022-01-29
2022-01-29_CZUcaYvrfvj_3.jpg,instagram.com/@shavitness post CZUcaYvrfvj,client-owned social post (@shavitness); reuse pending Shavit written sign-off,CZUcaYvrfvj,2022-01-29
2022-03-22_Cba7FD0vnb3.jpg,instagram.com/@shavitness post Cba7FD0vnb3,client-owned social post (@shavitness); reuse pending Shavit written sign-off,Cba7FD0vnb3,2022-03-22
2022-04-01_Cb0pln6vYjX_0.jpg,instagram.com/@shavitness post Cb0pln6vYjX,client-owned social post (@shavitness); reuse pending Shavit written sign-off,Cb0pln6vYjX,2022-04-01
2022-04-01_Cb0pln6vYjX_1.jpg,instagram.com/@shavitness post Cb0pln6vYjX,client-owned social post (@shavitness); reuse pending Shavit written sign-off,Cb0pln6vYjX,2022-04-01
2022-04-14_CcVrnf2vL1N_0.jpg,instagram.com/@shavitness post CcVrnf2vL1N,client-owned social post (@shavitness); reuse pending Shavit written sign-off,CcVrnf2vL1N,2022-04-14
2022-04-14_CcVrnf2vL1N_1.jpg,instagram.com/@shavitness post CcVrnf2vL1N,client-owned social post (@shavitness); reuse pending Shavit written sign-off,CcVrnf2vL1N,2022-04-14
2022-04-19_CcihPNTvyA7_0.jpg,instagram.com/@shavitness post CcihPNTvyA7,client-owned social post (@shavitness); reuse pending Shavit written sign-off,CcihPNTvyA7,2022-04-19
2022-04-19_CcihPNTvyA7_1.jpg,instagram.com/@shavitness post CcihPNTvyA7,client-owned social post (@shavitness); reuse pending Shavit written sign-off,CcihPNTvyA7,2022-04-19
2022-04-19_CcihPNTvyA7_2.jpg,instagram.com/@shavitness post CcihPNTvyA7,client-owned social post (@shavitness); reuse pending Shavit written sign-off,CcihPNTvyA7,2022-04-19
2022-05-21_Cd1L81FvM59.jpg,instagram.com/@shavitness post Cd1L81FvM59,client-owned social post (@shavitness); reuse pending Shavit written sign-off,Cd1L81FvM59,2022-05-21
2022-08-06_Cg7eAVMPzo3_0.jpg,instagram.com/@shavitness post Cg7eAVMPzo3,client-owned social post (@shavitness); reuse pending Shavit written sign-off,Cg7eAVMPzo3,2022-08-06
2022-08-06_Cg7eAVMPzo3_1.jpg,instagram.com/@shavitness post Cg7eAVMPzo3,client-owned social post (@shavitness); reuse pending Shavit written sign-off,Cg7eAVMPzo3,2022-08-06
2022-08-06_Cg7eAVMPzo3_2.jpg,instagram.com/@shavitness post Cg7eAVMPzo3,client-owned social post (@shavitness); reuse pending Shavit written sign-off,Cg7eAVMPzo3,2022-08-06
2022-08-27_Chx-XzbvC7e_0.jpg,instagram.com/@shavitness post Chx-XzbvC7e,client-owned social post (@shavitness); reuse pending Shavit written sign-off,Chx-XzbvC7e,2022-08-27
2022-08-27_Chx-XzbvC7e_1.jpg,instagram.com/@shavitness post Chx-XzbvC7e,client-owned social post (@shavitness); reuse pending Shavit written sign-off,Chx-XzbvC7e,2022-08-27
2022-08-27_Chx-XzbvC7e_2.jpg,instagram.com/@shavitness post Chx-XzbvC7e,client-owned social post (@shavitness); reuse pending Shavit written sign-off,Chx-XzbvC7e,2022-08-27
2022-08-27_Chx-XzbvC7e_3.jpg,instagram.com/@shavitness post Chx-XzbvC7e,client-owned social post (@shavitness); reuse pending Shavit written sign-off,Chx-XzbvC7e,2022-08-27
2022-08-27_Chx-XzbvC7e_4.jpg,instagram.com/@shavitness post Chx-XzbvC7e,client-owned social post (@shavitness); reuse pending Shavit written sign-off,Chx-XzbvC7e,2022-08-27
2022-09-05_CiI4tM9pVAi_0.jpg,instagram.com/@shavitness post CiI4tM9pVAi,client-owned social post (@shavitness); reuse pending Shavit written sign-off,CiI4tM9pVAi,2022-09-05
2022-09-05_CiI4tM9pVAi_1.jpg,instagram.com/@shavitness post CiI4tM9pVAi,client-owned social post (@shavitness); reuse pending Shavit written sign-off,CiI4tM9pVAi,2022-09-05
2022-09-17_Cinw_vCpk0a.jpg,instagram.com/@shavitness post Cinw_vCpk0a,client-owned social post (@shavitness); reuse pending Shavit written sign-off,Cinw_vCpk0a,2022-09-17
2022-10-01_CjLaevaJTcw_0.jpg,instagram.com/@shavitness post CjLaevaJTcw,client-owned social post (@shavitness); reuse pending Shavit written sign-off,CjLaevaJTcw,2022-10-01
2022-10-01_CjLaevaJTcw_1.jpg,instagram.com/@shavitness post CjLaevaJTcw,client-owned social post (@shavitness); reuse pending Shavit written sign-off,CjLaevaJTcw,2022-10-01
2022-10-01_CjLaevaJTcw_2.jpg,instagram.com/@shavitness post CjLaevaJTcw,client-owned social post (@shavitness); reuse pending Shavit written sign-off,CjLaevaJTcw,2022-10-01
2022-10-12_Cjn8kutP6Sh.jpg,instagram.com/@shavitness post Cjn8kutP6Sh,client-owned social post (@shavitness); reuse pending Shavit written sign-off,Cjn8kutP6Sh,2022-10-12
2023-01-12_CnUbvk_Jt2X_0.jpg,instagram.com/@shavitness post CnUbvk_Jt2X,client-owned social post (@shavitness); reuse pending Shavit written sign-off,CnUbvk_Jt2X,2023-01-12
2023-01-12_CnUbvk_Jt2X_1.jpg,instagram.com/@shavitness post CnUbvk_Jt2X,client-owned social post (@shavitness); reuse pending Shavit written sign-off,CnUbvk_Jt2X,2023-01-12
2023-01-20_CnpWG0Fvbi5_0.jpg,instagram.com/@shavitness post CnpWG0Fvbi5,client-owned social post (@shavitness); reuse pending Shavit written sign-off,CnpWG0Fvbi5,2023-01-20
2023-01-20_CnpWG0Fvbi5_1.jpg,instagram.com/@shavitness post CnpWG0Fvbi5,client-owned social post (@shavitness); reuse pending Shavit written sign-off,CnpWG0Fvbi5,2023-01-20
2023-01-20_CnpWG0Fvbi5_2.jpg,instagram.com/@shavitness post CnpWG0Fvbi5,client-owned social post (@shavitness); reuse pending Shavit written sign-off,CnpWG0Fvbi5,2023-01-20
2023-01-20_CnpWG0Fvbi5_3.jpg,instagram.com/@shavitness post CnpWG0Fvbi5,client-owned social post (@shavitness); reuse pending Shavit written sign-off,CnpWG0Fvbi5,2023-01-20
2023-01-20_CnpWG0Fvbi5_4.jpg,instagram.com/@shavitness post CnpWG0Fvbi5,client-owned social post (@shavitness); reuse pending Shavit written sign-off,CnpWG0Fvbi5,2023-01-20
2023-01-20_CnpWG0Fvbi5_5.jpg,instagram.com/@shavitness post CnpWG0Fvbi5,client-owned social post (@shavitness); reuse pending Shavit written sign-off,CnpWG0Fvbi5,2023-01-20
2023-01-20_CnpWG0Fvbi5_6.jpg,instagram.com/@shavitness post CnpWG0Fvbi5,client-owned social post (@shavitness); reuse pending Shavit written sign-off,CnpWG0Fvbi5,2023-01-20
2023-02-03_CoNdIGIvRef_0.jpg,instagram.com/@shavitness post CoNdIGIvRef,client-owned social post (@shavitness); reuse pending Shavit written sign-off,CoNdIGIvRef,2023-02-03
2023-02-03_CoNdIGIvRef_1.jpg,instagram.com/@shavitness post CoNdIGIvRef,client-owned social post (@shavitness); reuse pending Shavit written sign-off,CoNdIGIvRef,2023-02-03
2023-02-03_CoNdIGIvRef_2.jpg,instagram.com/@shavitness post CoNdIGIvRef,client-owned social post (@shavitness); reuse pending Shavit written sign-off,CoNdIGIvRef,2023-02-03
2023-04-01_CqfupyVItqw_0.jpg,instagram.com/@shavitness post CqfupyVItqw,client-owned social post (@shavitness); reuse pending Shavit written sign-off,CqfupyVItqw,2023-04-01
2023-04-01_CqfupyVItqw_1.jpg,instagram.com/@shavitness post CqfupyVItqw,client-owned social post (@shavitness); reuse pending Shavit written sign-off,CqfupyVItqw,2023-04-01
2023-06-04_CtE4929pY1Z_0.jpg,instagram.com/@shavitness post CtE4929pY1Z,client-owned social post (@shavitness); reuse pending Shavit written sign-off,CtE4929pY1Z,2023-06-04
2023-06-04_CtE4929pY1Z_1.jpg,instagram.com/@shavitness post CtE4929pY1Z,client-owned social post (@shavitness); reuse pending Shavit written sign-off,CtE4929pY1Z,2023-06-04
2023-06-04_CtE4929pY1Z_2.jpg,instagram.com/@shavitness post CtE4929pY1Z,client-owned social post (@shavitness); reuse pending Shavit written sign-off,CtE4929pY1Z,2023-06-04
2023-06-04_CtE4929pY1Z_3.jpg,instagram.com/@shavitness post CtE4929pY1Z,client-owned social post (@shavitness); reuse pending Shavit written sign-off,CtE4929pY1Z,2023-06-04
2023-06-27_CuAiBtBNeis_0.jpg,instagram.com/@shavitness post CuAiBtBNeis,client-owned social post (@shavitness); reuse pending Shavit written sign-off,CuAiBtBNeis,2023-06-27
2023-06-27_CuAiBtBNeis_1.jpg,instagram.com/@shavitness post CuAiBtBNeis,client-owned social post (@shavitness); reuse pending Shavit written sign-off,CuAiBtBNeis,2023-06-27
2023-06-27_CuAiBtBNeis_2.jpg,instagram.com/@shavitness post CuAiBtBNeis,client-owned social post (@shavitness); reuse pending Shavit written sign-off,CuAiBtBNeis,2023-06-27
2023-06-27_CuAiBtBNeis_3.jpg,instagram.com/@shavitness post CuAiBtBNeis,client-owned social post (@shavitness); reuse pending Shavit written sign-off,CuAiBtBNeis,2023-06-27
2023-06-27_CuAiBtBNeis_4.jpg,instagram.com/@shavitness post CuAiBtBNeis,client-owned social post (@shavitness); reuse pending Shavit written sign-off,CuAiBtBNeis,2023-06-27
2023-06-29_CuFSdfnvcaA_0.jpg,instagram.com/@shavitness post CuFSdfnvcaA,client-owned social post (@shavitness); reuse pending Shavit written sign-off,CuFSdfnvcaA,2023-06-29
2023-06-29_CuFSdfnvcaA_1.jpg,instagram.com/@shavitness post CuFSdfnvcaA,client-owned social post (@shavitness); reuse pending Shavit written sign-off,CuFSdfnvcaA,2023-06-29
2023-06-29_CuFSdfnvcaA_2.jpg,instagram.com/@shavitness post CuFSdfnvcaA,client-owned social post (@shavitness); reuse pending Shavit written sign-off,CuFSdfnvcaA,2023-06-29
2023-06-29_CuFSdfnvcaA_3.jpg,instagram.com/@shavitness post CuFSdfnvcaA,client-owned social post (@shavitness); reuse pending Shavit written sign-off,CuFSdfnvcaA,2023-06-29
2023-06-29_CuFSdfnvcaA_4.jpg,instagram.com/@shavitness post CuFSdfnvcaA,client-owned social post (@shavitness); reuse pending Shavit written sign-off,CuFSdfnvcaA,2023-06-29
2023-07-14_CuryuU0tLSc_0.jpg,instagram.com/@shavitness post CuryuU0tLSc,client-owned social post (@shavitness); reuse pending Shavit written sign-off,CuryuU0tLSc,2023-07-14
2023-07-14_CuryuU0tLSc_1.jpg,instagram.com/@shavitness post CuryuU0tLSc,client-owned social post (@shavitness); reuse pending Shavit written sign-off,CuryuU0tLSc,2023-07-14
2023-07-14_CuryuU0tLSc_2.jpg,instagram.com/@shavitness post CuryuU0tLSc,client-owned social post (@shavitness); reuse pending Shavit written sign-off,CuryuU0tLSc,2023-07-14
2023-07-21_Cu981LNpT6T_0.jpg,instagram.com/@shavitness post Cu981LNpT6T,client-owned social post (@shavitness); reuse pending Shavit written sign-off,Cu981LNpT6T,2023-07-21
2023-07-21_Cu981LNpT6T_1.jpg,instagram.com/@shavitness post Cu981LNpT6T,client-owned social post (@shavitness); reuse pending Shavit written sign-off,Cu981LNpT6T,2023-07-21
2023-07-21_Cu981LNpT6T_2.jpg,instagram.com/@shavitness post Cu981LNpT6T,client-owned social post (@shavitness); reuse pending Shavit written sign-off,Cu981LNpT6T,2023-07-21
2023-07-21_Cu981LNpT6T_3.jpg,instagram.com/@shavitness post Cu981LNpT6T,client-owned social post (@shavitness); reuse pending Shavit written sign-off,Cu981LNpT6T,2023-07-21
2023-07-21_Cu981LNpT6T_4.jpg,instagram.com/@shavitness post Cu981LNpT6T,client-owned social post (@shavitness); reuse pending Shavit written sign-off,Cu981LNpT6T,2023-07-21
2023-07-21_Cu981LNpT6T_5.jpg,instagram.com/@shavitness post Cu981LNpT6T,client-owned social post (@shavitness); reuse pending Shavit written sign-off,Cu981LNpT6T,2023-07-21
2023-08-25_CwYOixWvsH__0.jpg,instagram.com/@shavitness post CwYOixWvsH_,client-owned social post (@shavitness); reuse pending Shavit written sign-off,CwYOixWvsH_,2023-08-25
2023-08-25_CwYOixWvsH__1.jpg,instagram.com/@shavitness post CwYOixWvsH_,client-owned social post (@shavitness); reuse pending Shavit written sign-off,CwYOixWvsH_,2023-08-25
2023-08-25_CwYOixWvsH__2.jpg,instagram.com/@shavitness post CwYOixWvsH_,client-owned social post (@shavitness); reuse pending Shavit written sign-off,CwYOixWvsH_,2023-08-25
2023-08-25_CwYOixWvsH__3.jpg,instagram.com/@shavitness post CwYOixWvsH_,client-owned social post (@shavitness); reuse pending Shavit written sign-off,CwYOixWvsH_,2023-08-25
2023-08-25_CwYOixWvsH__4.jpg,instagram.com/@shavitness post CwYOixWvsH_,client-owned social post (@shavitness); reuse pending Shavit written sign-off,CwYOixWvsH_,2023-08-25
2023-09-23_Cxiks5srbaV.jpg,instagram.com/@shavitness post Cxiks5srbaV,client-owned social post (@shavitness); reuse pending Shavit written sign-off,Cxiks5srbaV,2023-09-23
2023-11-04_CzPDxbfiDZq_0.jpg,instagram.com/@shavitness post CzPDxbfiDZq,client-owned social post (@shavitness); reuse pending Shavit written sign-off,CzPDxbfiDZq,2023-11-04
2023-11-04_CzPDxbfiDZq_1.jpg,instagram.com/@shavitness post CzPDxbfiDZq,client-owned social post (@shavitness); reuse pending Shavit written sign-off,CzPDxbfiDZq,2023-11-04
2023-11-04_CzPDxbfiDZq_2.jpg,instagram.com/@shavitness post CzPDxbfiDZq,client-owned social post (@shavitness); reuse pending Shavit written sign-off,CzPDxbfiDZq,2023-11-04
2023-11-04_CzPDxbfiDZq_3.jpg,instagram.com/@shavitness post CzPDxbfiDZq,client-owned social post (@shavitness); reuse pending Shavit written sign-off,CzPDxbfiDZq,2023-11-04
2024-01-25_C2gJ6p8PFUn.jpg,instagram.com/@shavitness post C2gJ6p8PFUn,client-owned social post (@shavitness); reuse pending Shavit written sign-off,C2gJ6p8PFUn,2024-01-25
2025-05-19_DJ1uKj5RVEf_0.jpg,instagram.com/@shavitness post DJ1uKj5RVEf,client-owned social post (@shavitness); reuse pending Shavit written sign-off,DJ1uKj5RVEf,2025-05-19
2025-05-19_DJ1uKj5RVEf_1.jpg,instagram.com/@shavitness post DJ1uKj5RVEf,client-owned social post (@shavitness); reuse pending Shavit written sign-off,DJ1uKj5RVEf,2025-05-19
2025-05-19_DJ1uKj5RVEf_2.jpg,instagram.com/@shavitness post DJ1uKj5RVEf,client-owned social post (@shavitness); reuse pending Shavit written sign-off,DJ1uKj5RVEf,2025-05-19
2025-05-19_DJ1uKj5RVEf_3.jpg,instagram.com/@shavitness post DJ1uKj5RVEf,client-owned social post (@shavitness); reuse pending Shavit written sign-off,DJ1uKj5RVEf,2025-05-19
2025-05-19_DJ1uKj5RVEf_4.jpg,instagram.com/@shavitness post DJ1uKj5RVEf,client-owned social post (@shavitness); reuse pending Shavit written sign-off,DJ1uKj5RVEf,2025-05-19
2025-05-19_DJ1uKj5RVEf_5.jpg,instagram.com/@shavitness post DJ1uKj5RVEf,client-owned social post (@shavitness); reuse pending Shavit written sign-off,DJ1uKj5RVEf,2025-05-19
2025-05-28_DKNVPZvSkOf_0.jpg,instagram.com/@shavitness post DKNVPZvSkOf,client-owned social post (@shavitness); reuse pending Shavit written sign-off,DKNVPZvSkOf,2025-05-28
2025-05-28_DKNVPZvSkOf_1.jpg,instagram.com/@shavitness post DKNVPZvSkOf,client-owned social post (@shavitness); reuse pending Shavit written sign-off,DKNVPZvSkOf,2025-05-28
2025-05-28_DKNVPZvSkOf_2.jpg,instagram.com/@shavitness post DKNVPZvSkOf,client-owned social post (@shavitness); reuse pending Shavit written sign-off,DKNVPZvSkOf,2025-05-28
2025-05-28_DKNVPZvSkOf_3.jpg,instagram.com/@shavitness post DKNVPZvSkOf,client-owned social post (@shavitness); reuse pending Shavit written sign-off,DKNVPZvSkOf,2025-05-28
2025-05-28_DKNVPZvSkOf_4.jpg,instagram.com/@shavitness post DKNVPZvSkOf,client-owned social post (@shavitness); reuse pending Shavit written sign-off,DKNVPZvSkOf,2025-05-28
2025-05-28_DKNVPZvSkOf_5.jpg,instagram.com/@shavitness post DKNVPZvSkOf,client-owned social post (@shavitness); reuse pending Shavit written sign-off,DKNVPZvSkOf,2025-05-28
2025-07-24_DMfxm_Mp5UI_0.jpg,instagram.com/@shavitness post DMfxm_Mp5UI,client-owned social post (@shavitness); reuse pending Shavit written sign-off,DMfxm_Mp5UI,2025-07-24
2025-07-24_DMfxm_Mp5UI_1.jpg,instagram.com/@shavitness post DMfxm_Mp5UI,client-owned social post (@shavitness); reuse pending Shavit written sign-off,DMfxm_Mp5UI,2025-07-24
2025-07-24_DMfxm_Mp5UI_10.jpg,instagram.com/@shavitness post DMfxm_Mp5UI,client-owned social post (@shavitness); reuse pending Shavit written sign-off,DMfxm_Mp5UI,2025-07-24
2025-07-24_DMfxm_Mp5UI_11.jpg,instagram.com/@shavitness post DMfxm_Mp5UI,client-owned social post (@shavitness); reuse pending Shavit written sign-off,DMfxm_Mp5UI,2025-07-24
2025-07-24_DMfxm_Mp5UI_2.jpg,instagram.com/@shavitness post DMfxm_Mp5UI,client-owned social post (@shavitness); reuse pending Shavit written sign-off,DMfxm_Mp5UI,2025-07-24
2025-07-24_DMfxm_Mp5UI_3.jpg,instagram.com/@shavitness post DMfxm_Mp5UI,client-owned social post (@shavitness); reuse pending Shavit written sign-off,DMfxm_Mp5UI,2025-07-24
2025-07-24_DMfxm_Mp5UI_4.jpg,instagram.com/@shavitness post DMfxm_Mp5UI,client-owned social post (@shavitness); reuse pending Shavit written sign-off,DMfxm_Mp5UI,2025-07-24
2025-07-24_DMfxm_Mp5UI_5.jpg,instagram.com/@shavitness post DMfxm_Mp5UI,client-owned social post (@shavitness); reuse pending Shavit written sign-off,DMfxm_Mp5UI,2025-07-24
2025-07-24_DMfxm_Mp5UI_6.jpg,instagram.com/@shavitness post DMfxm_Mp5UI,client-owned social post (@shavitness); reuse pending Shavit written sign-off,DMfxm_Mp5UI,2025-07-24
2025-07-24_DMfxm_Mp5UI_7.jpg,instagram.com/@shavitness post DMfxm_Mp5UI,client-owned social post (@shavitness); reuse pending Shavit written sign-off,DMfxm_Mp5UI,2025-07-24
2025-07-24_DMfxm_Mp5UI_8.jpg,instagram.com/@shavitness post DMfxm_Mp5UI,client-owned social post (@shavitness); reuse pending Shavit written sign-off,DMfxm_Mp5UI,2025-07-24
2025-07-24_DMfxm_Mp5UI_9.jpg,instagram.com/@shavitness post DMfxm_Mp5UI,client-owned social post (@shavitness); reuse pending Shavit written sign-off,DMfxm_Mp5UI,2025-07-24
2025-07-25_DMjLY5ByAoh_0.jpg,instagram.com/@shavitness post DMjLY5ByAoh,client-owned social post (@shavitness); reuse pending Shavit written sign-off,DMjLY5ByAoh,2025-07-25
2025-07-25_DMjLY5ByAoh_1.jpg,instagram.com/@shavitness post DMjLY5ByAoh,client-owned social post (@shavitness); reuse pending Shavit written sign-off,DMjLY5ByAoh,2025-07-25
2025-07-25_DMjLY5ByAoh_2.jpg,instagram.com/@shavitness post DMjLY5ByAoh,client-owned social post (@shavitness); reuse pending Shavit written sign-off,DMjLY5ByAoh,2025-07-25
2025-07-25_DMjLY5ByAoh_3.jpg,instagram.com/@shavitness post DMjLY5ByAoh,client-owned social post (@shavitness); reuse pending Shavit written sign-off,DMjLY5ByAoh,2025-07-25
2025-07-25_DMjLY5ByAoh_4.jpg,instagram.com/@shavitness post DMjLY5ByAoh,client-owned social post (@shavitness); reuse pending Shavit written sign-off,DMjLY5ByAoh,2025-07-25
2025-07-25_DMjLY5ByAoh_5.jpg,instagram.com/@shavitness post DMjLY5ByAoh,client-owned social post (@shavitness); reuse pending Shavit written sign-off,DMjLY5ByAoh,2025-07-25
2025-08-26_DN06Km43tgW_0.jpg,instagram.com/@shavitness post DN06Km43tgW,client-owned social post (@shavitness); reuse pending Shavit written sign-off,DN06Km43tgW,2025-08-26
2025-08-26_DN06Km43tgW_1.jpg,instagram.com/@shavitness post DN06Km43tgW,client-owned social post (@shavitness); reuse pending Shavit written sign-off,DN06Km43tgW,2025-08-26
2025-08-26_DN06Km43tgW_2.jpg,instagram.com/@shavitness post DN06Km43tgW,client-owned social post (@shavitness); reuse pending Shavit written sign-off,DN06Km43tgW,2025-08-26
2025-08-26_DN06Km43tgW_3.jpg,instagram.com/@shavitness post DN06Km43tgW,client-owned social post (@shavitness); reuse pending Shavit written sign-off,DN06Km43tgW,2025-08-26
2025-08-26_DN06Km43tgW_4.jpg,instagram.com/@shavitness post DN06Km43tgW,client-owned social post (@shavitness); reuse pending Shavit written sign-off,DN06Km43tgW,2025-08-26
2025-08-26_DN06Km43tgW_5.jpg,instagram.com/@shavitness post DN06Km43tgW,client-owned social post (@shavitness); reuse pending Shavit written sign-off,DN06Km43tgW,2025-08-26
2025-08-26_DN06Km43tgW_6.jpg,instagram.com/@shavitness post DN06Km43tgW,client-owned social post (@shavitness); reuse pending Shavit written sign-off,DN06Km43tgW,2025-08-26
2025-08-26_DN06Km43tgW_7.jpg,instagram.com/@shavitness post DN06Km43tgW,client-owned social post (@shavitness); reuse pending Shavit written sign-off,DN06Km43tgW,2025-08-26
2025-09-08_DOWL0CCEYbS_0.jpg,instagram.com/@shavitness post DOWL0CCEYbS,client-owned social post (@shavitness); reuse pending Shavit written sign-off,DOWL0CCEYbS,2025-09-08
2025-09-08_DOWL0CCEYbS_1.jpg,instagram.com/@shavitness post DOWL0CCEYbS,client-owned social post (@shavitness); reuse pending Shavit written sign-off,DOWL0CCEYbS,2025-09-08
2025-09-08_DOWL0CCEYbS_2.jpg,instagram.com/@shavitness post DOWL0CCEYbS,client-owned social post (@shavitness); reuse pending Shavit written sign-off,DOWL0CCEYbS,2025-09-08
2025-09-08_DOWL0CCEYbS_3.jpg,instagram.com/@shavitness post DOWL0CCEYbS,client-owned social post (@shavitness); reuse pending Shavit written sign-off,DOWL0CCEYbS,2025-09-08
2025-09-08_DOWL0CCEYbS_4.jpg,instagram.com/@shavitness post DOWL0CCEYbS,client-owned social post (@shavitness); reuse pending Shavit written sign-off,DOWL0CCEYbS,2025-09-08
2025-09-08_DOWL0CCEYbS_5.jpg,instagram.com/@shavitness post DOWL0CCEYbS,client-owned social post (@shavitness); reuse pending Shavit written sign-off,DOWL0CCEYbS,2025-09-08
2025-09-08_DOWL0CCEYbS_6.jpg,instagram.com/@shavitness post DOWL0CCEYbS,client-owned social post (@shavitness); reuse pending Shavit written sign-off,DOWL0CCEYbS,2025-09-08
2025-09-08_DOWL0CCEYbS_7.jpg,instagram.com/@shavitness post DOWL0CCEYbS,client-owned social post (@shavitness); reuse pending Shavit written sign-off,DOWL0CCEYbS,2025-09-08
2025-09-21_DO3SiduCDFc_0.jpg,instagram.com/@shavitness post DO3SiduCDFc,client-owned social post (@shavitness); reuse pending Shavit written sign-off,DO3SiduCDFc,2025-09-21
2025-09-21_DO3SiduCDFc_1.jpg,instagram.com/@shavitness post DO3SiduCDFc,client-owned social post (@shavitness); reuse pending Shavit written sign-off,DO3SiduCDFc,2025-09-21
2025-09-21_DO3SiduCDFc_2.jpg,instagram.com/@shavitness post DO3SiduCDFc,client-owned social post (@shavitness); reuse pending Shavit written sign-off,DO3SiduCDFc,2025-09-21
2025-09-21_DO3SiduCDFc_3.jpg,instagram.com/@shavitness post DO3SiduCDFc,client-owned social post (@shavitness); reuse pending Shavit written sign-off,DO3SiduCDFc,2025-09-21
2025-09-21_DO3SiduCDFc_4.jpg,instagram.com/@shavitness post DO3SiduCDFc,client-owned social post (@shavitness); reuse pending Shavit written sign-off,DO3SiduCDFc,2025-09-21
2025-09-21_DO3SiduCDFc_5.jpg,instagram.com/@shavitness post DO3SiduCDFc,client-owned social post (@shavitness); reuse pending Shavit written sign-off,DO3SiduCDFc,2025-09-21
2025-09-21_DO3SiduCDFc_6.jpg,instagram.com/@shavitness post DO3SiduCDFc,client-owned social post (@shavitness); reuse pending Shavit written sign-off,DO3SiduCDFc,2025-09-21
2025-10-21_DQFQ4ahAYuh_0.jpg,instagram.com/@shavitness post DQFQ4ahAYuh,client-owned social post (@shavitness); reuse pending Shavit written sign-off,DQFQ4ahAYuh,2025-10-21
2025-10-21_DQFQ4ahAYuh_1.jpg,instagram.com/@shavitness post DQFQ4ahAYuh,client-owned social post (@shavitness); reuse pending Shavit written sign-off,DQFQ4ahAYuh,2025-10-21
2025-10-21_DQFQ4ahAYuh_10.jpg,instagram.com/@shavitness post DQFQ4ahAYuh,client-owned social post (@shavitness); reuse pending Shavit written sign-off,DQFQ4ahAYuh,2025-10-21
2025-10-21_DQFQ4ahAYuh_2.jpg,instagram.com/@shavitness post DQFQ4ahAYuh,client-owned social post (@shavitness); reuse pending Shavit written sign-off,DQFQ4ahAYuh,2025-10-21
2025-10-21_DQFQ4ahAYuh_3.jpg,instagram.com/@shavitness post DQFQ4ahAYuh,client-owned social post (@shavitness); reuse pending Shavit written sign-off,DQFQ4ahAYuh,2025-10-21
2025-10-21_DQFQ4ahAYuh_4.jpg,instagram.com/@shavitness post DQFQ4ahAYuh,client-owned social post (@shavitness); reuse pending Shavit written sign-off,DQFQ4ahAYuh,2025-10-21
2025-10-21_DQFQ4ahAYuh_5.jpg,instagram.com/@shavitness post DQFQ4ahAYuh,client-owned social post (@shavitness); reuse pending Shavit written sign-off,DQFQ4ahAYuh,2025-10-21
2025-10-21_DQFQ4ahAYuh_6.jpg,instagram.com/@shavitness post DQFQ4ahAYuh,client-owned social post (@shavitness); reuse pending Shavit written sign-off,DQFQ4ahAYuh,2025-10-21
2025-10-21_DQFQ4ahAYuh_7.jpg,instagram.com/@shavitness post DQFQ4ahAYuh,client-owned social post (@shavitness); reuse pending Shavit written sign-off,DQFQ4ahAYuh,2025-10-21
2025-10-21_DQFQ4ahAYuh_8.jpg,instagram.com/@shavitness post DQFQ4ahAYuh,client-owned social post (@shavitness); reuse pending Shavit written sign-off,DQFQ4ahAYuh,2025-10-21
2025-10-21_DQFQ4ahAYuh_9.jpg,instagram.com/@shavitness post DQFQ4ahAYuh,client-owned social post (@shavitness); reuse pending Shavit written sign-off,DQFQ4ahAYuh,2025-10-21
2025-12-05_DR5OREPkQPo_0.jpg,instagram.com/@shavitness post DR5OREPkQPo,client-owned social post (@shavitness); reuse pending Shavit written sign-off,DR5OREPkQPo,2025-12-05
2025-12-05_DR5OREPkQPo_1.jpg,instagram.com/@shavitness post DR5OREPkQPo,client-owned social post (@shavitness); reuse pending Shavit written sign-off,DR5OREPkQPo,2025-12-05
2025-12-05_DR5OREPkQPo_10.jpg,instagram.com/@shavitness post DR5OREPkQPo,client-owned social post (@shavitness); reuse pending Shavit written sign-off,DR5OREPkQPo,2025-12-05
2025-12-05_DR5OREPkQPo_11.jpg,instagram.com/@shavitness post DR5OREPkQPo,client-owned social post (@shavitness); reuse pending Shavit written sign-off,DR5OREPkQPo,2025-12-05
2025-12-05_DR5OREPkQPo_12.jpg,instagram.com/@shavitness post DR5OREPkQPo,client-owned social post (@shavitness); reuse pending Shavit written sign-off,DR5OREPkQPo,2025-12-05
2025-12-05_DR5OREPkQPo_2.jpg,instagram.com/@shavitness post DR5OREPkQPo,client-owned social post (@shavitness); reuse pending Shavit written sign-off,DR5OREPkQPo,2025-12-05
2025-12-05_DR5OREPkQPo_3.jpg,instagram.com/@shavitness post DR5OREPkQPo,client-owned social post (@shavitness); reuse pending Shavit written sign-off,DR5OREPkQPo,2025-12-05
2025-12-05_DR5OREPkQPo_4.jpg,instagram.com/@shavitness post DR5OREPkQPo,client-owned social post (@shavitness); reuse pending Shavit written sign-off,DR5OREPkQPo,2025-12-05
2025-12-05_DR5OREPkQPo_5.jpg,instagram.com/@shavitness post DR5OREPkQPo,client-owned social post (@shavitness); reuse pending Shavit written sign-off,DR5OREPkQPo,2025-12-05
2025-12-05_DR5OREPkQPo_6.jpg,instagram.com/@shavitness post DR5OREPkQPo,client-owned social post (@shavitness); reuse pending Shavit written sign-off,DR5OREPkQPo,2025-12-05
2025-12-05_DR5OREPkQPo_7.jpg,instagram.com/@shavitness post DR5OREPkQPo,client-owned social post (@shavitness); reuse pending Shavit written sign-off,DR5OREPkQPo,2025-12-05
2025-12-05_DR5OREPkQPo_8.jpg,instagram.com/@shavitness post DR5OREPkQPo,client-owned social post (@shavitness); reuse pending Shavit written sign-off,DR5OREPkQPo,2025-12-05
2025-12-05_DR5OREPkQPo_9.jpg,instagram.com/@shavitness post DR5OREPkQPo,client-owned social post (@shavitness); reuse pending Shavit written sign-off,DR5OREPkQPo,2025-12-05
2026-03-21_DWIChZzD0Bm_0.jpg,instagram.com/@shavitness post DWIChZzD0Bm,client-owned social post (@shavitness); reuse pending Shavit written sign-off,DWIChZzD0Bm,2026-03-21
2026-03-21_DWIChZzD0Bm_1.jpg,instagram.com/@shavitness post DWIChZzD0Bm,client-owned social post (@shavitness); reuse pending Shavit written sign-off,DWIChZzD0Bm,2026-03-21
2026-03-21_DWIChZzD0Bm_2.jpg,instagram.com/@shavitness post DWIChZzD0Bm,client-owned social post (@shavitness); reuse pending Shavit written sign-off,DWIChZzD0Bm,2026-03-21
2026-03-21_DWIChZzD0Bm_3.jpg,instagram.com/@shavitness post DWIChZzD0Bm,client-owned social post (@shavitness); reuse pending Shavit written sign-off,DWIChZzD0Bm,2026-03-21
2026-03-21_DWIChZzD0Bm_4.jpg,instagram.com/@shavitness post DWIChZzD0Bm,client-owned social post (@shavitness); reuse pending Shavit written sign-off,DWIChZzD0Bm,2026-03-21
2026-03-21_DWIChZzD0Bm_5.jpg,instagram.com/@shavitness post DWIChZzD0Bm,client-owned social post (@shavitness); reuse pending Shavit written sign-off,DWIChZzD0Bm,2026-03-21
2026-03-21_DWIChZzD0Bm_6.jpg,instagram.com/@shavitness post DWIChZzD0Bm,client-owned social post (@shavitness); reuse pending Shavit written sign-off,DWIChZzD0Bm,2026-03-21
2026-03-21_DWIChZzD0Bm_7.jpg,instagram.com/@shavitness post DWIChZzD0Bm,client-owned social post (@shavitness); reuse pending Shavit written sign-off,DWIChZzD0Bm,2026-03-21
2026-03-21_DWIChZzD0Bm_8.jpg,instagram.com/@shavitness post DWIChZzD0Bm,client-owned social post (@shavitness); reuse pending Shavit written sign-off,DWIChZzD0Bm,2026-03-21
2026-03-21_DWIChZzD0Bm_9.jpg,instagram.com/@shavitness post DWIChZzD0Bm,client-owned social post (@shavitness); reuse pending Shavit written sign-off,DWIChZzD0Bm,2026-03-21
