path,width,height,bytes
listings/12-river-street-1024.jpg,1024,1024,456379
listings/12-river-street.jpg,1000,1000,245896
listings/15-waldron-1024.jpg,755,1024,153345
listings/15-waldron.jpg,885,1200,163345
listings/17-lo-presto-1024.jpg,1024,1024,270290
listings/17-lo-presto.jpg,1000,1000,185942
listings/2217-parkview-1024.jpg,1024,1009,287656
listings/2217-parkview.jpg,1000,986,111896
listings/34-mead-1024.jpg,1024,1024,394656
listings/34-mead.jpg,1000,1000,212112
listings/46-w-south-1024.jpg,1024,1024,426946
listings/46-w-south.jpg,1000,1000,227764
listings/61-salem-1024.jpg,1024,1024,350470
listings/61-salem.jpg,1000,1000,144056
listings/budlong-street-1024.jpg,1024,1024,340550
listings/budlong-street.jpg,1000,1000,237673
listings/cleveland-heights-1024.jpg,768,1024,255713
listings/cleveland-heights.jpg,900,1200,234244
listings/cpm-kitchen-1024.jpg,771,1024,138441
listings/cpm-kitchen.jpg,1088,1445,275987
listings/larchmere-1024.jpg,1024,767,169025
listings/larchmere.jpg,1200,899,170884
listings/oak-a-hall-1024.jpg,764,1024,99527
listings/oak-a-hall.jpg,896,1200,139461
people/banner.jpg,1440,658,368435
photos/06_shavit_avatar.jpg,480,480,47102
photos/06_shavit_portrait.jpeg,480,715,44103
properties/12-river-street/01-1024.jpg,839,1024,312898
properties/12-river-street/01.jpg,1311,1600,715087
properties/12-river-street/02-1024.jpg,1024,682,111368
properties/12-river-street/02.jpg,1600,1066,254115
properties/12-river-street/03-1024.jpg,1024,682,116172
properties/12-river-street/03.jpg,1600,1066,262522
properties/12-river-street/04-1024.jpg,1024,682,113206
properties/12-river-street/04.jpg,1600,1066,256384
properties/12-river-street/05-1024.jpg,1024,682,124954
properties/12-river-street/05.jpg,1600,1066,282924
properties/12-river-street/06-1024.jpg,1024,682,102124
properties/12-river-street/06.jpg,1600,1066,234643
properties/12-river-street/07-1024.jpg,1024,682,132309
properties/12-river-street/07.jpg,1600,1066,307502
properties/12-river-street/08-1024.jpg,1024,682,103129
properties/12-river-street/08.jpg,1600,1066,228460
properties/12-river-street/09-1024.jpg,1024,682,89474
properties/12-river-street/09.jpg,1600,1066,191853
properties/12-river-street/10-1024.jpg,1024,682,111794
properties/12-river-street/10.jpg,1600,1066,243856
properties/12-river-street/11-1024.jpg,1024,682,102821
properties/12-river-street/11.jpg,1600,1066,224280
properties/12-river-street/12-1024.jpg,1024,682,284231
properties/12-river-street/12.jpg,1600,1066,726122
properties/15-waldron/01-1024.jpg,1024,1024,162827
properties/15-waldron/01.jpg,1600,1600,342182
properties/15-waldron/02-1024.jpg,1024,682,109978
properties/15-waldron/02.jpg,1600,1066,252492
properties/15-waldron/03-1024.jpg,768,1024,169744
properties/15-waldron/03.jpg,1201,1600,431957
properties/15-waldron/04-1024.jpg,755,1024,154594
properties/15-waldron/04.jpg,1180,1600,340847
properties/15-waldron/05-1024.jpg,1024,681,102144
properties/15-waldron/05.jpg,1600,1065,258439
properties/15-waldron/06-1024.jpg,1024,683,116641
properties/15-waldron/06.jpg,1600,1068,300540
properties/15-waldron/07-1024.jpg,782,1024,175327
properties/15-waldron/07.jpg,1223,1600,404581
properties/15-waldron/08-1024.jpg,843,1024,146325
properties/15-waldron/08.jpg,1317,1600,323818
properties/15-waldron/09-1024.jpg,867,1024,165223
properties/15-waldron/09.jpg,1355,1600,371587
properties/15-waldron/10-1024.jpg,1024,682,247427
properties/15-waldron/10.jpg,1600,1066,604511
properties/17-lo-presto/01-1024.jpg,1024,682,211653
properties/17-lo-presto/01.jpg,1600,1066,545375
properties/17-lo-presto/02-1024.jpg,1024,681,88793
properties/17-lo-presto/02.jpg,1600,1065,194003
properties/17-lo-presto/03-1024.jpg,1024,647,78201
properties/17-lo-presto/03.jpg,1600,1011,172966
properties/17-lo-presto/04-1024.jpg,1024,681,98288
properties/17-lo-presto/04.jpg,1600,1065,217943
properties/17-lo-presto/05-1024.jpg,1024,681,70261
properties/17-lo-presto/05.jpg,1600,1065,156703
properties/17-lo-presto/06-1024.jpg,1024,681,66057
properties/17-lo-presto/06.jpg,1600,1065,142663
properties/17-lo-presto/07-1024.jpg,1024,681,69920
properties/17-lo-presto/07.jpg,1600,1065,153954
properties/17-lo-presto/08-1024.jpg,768,1024,113197
properties/17-lo-presto/08.jpg,1200,1600,235787
properties/17-lo-presto/09-1024.jpg,768,1024,115101
properties/17-lo-presto/09.jpg,1200,1600,238942
properties/17-lo-presto/10-1024.jpg,768,1024,190542
properties/17-lo-presto/10.jpg,1200,1600,430221
properties/46-w-south/01-1024.jpg,1024,683,260457
properties/46-w-south/01.jpg,1600,1068,590700
properties/46-w-south/02-1024.jpg,1024,682,143836
properties/46-w-south/02.jpg,1600,1066,349336
properties/46-w-south/03-1024.jpg,768,1024,220073
properties/46-w-south/03.jpg,1200,1600,491669
properties/46-w-south/04-1024.jpg,682,1024,131721
properties/46-w-south/04.jpg,1066,1600,309562
properties/46-w-south/05-1024.jpg,1024,682,119427
properties/46-w-south/05.jpg,1600,1066,277466
properties/46-w-south/06-1024.jpg,1024,682,134225
properties/46-w-south/06.jpg,1600,1066,315206
properties/46-w-south/07-1024.jpg,1024,682,114699
properties/46-w-south/07.jpg,1600,1066,264199
properties/46-w-south/08-1024.jpg,1024,692,130277
properties/46-w-south/08.jpg,1600,1082,293410
properties/46-w-south/09-1024.jpg,1024,729,128085
properties/46-w-south/09.jpg,1600,1140,288606
properties/budlong-street/01-1024.jpg,682,1024,228915
properties/budlong-street/01.jpg,1066,1600,574835
properties/budlong-street/02-1024.jpg,1024,708,254861
properties/budlong-street/02.jpg,1600,1106,575909
properties/budlong-street/03-1024.jpg,1024,678,95117
properties/budlong-street/03.jpg,1600,1060,209366
properties/budlong-street/04-1024.jpg,1024,682,119694
properties/budlong-street/04.jpg,1600,1066,280519
properties/budlong-street/05-1024.jpg,1024,681,99393
properties/budlong-street/05.jpg,1600,1065,229571
properties/budlong-street/06-1024.jpg,1024,680,110696
properties/budlong-street/06.jpg,1600,1063,239313
properties/budlong-street/07-1024.jpg,1024,660,116576
properties/budlong-street/07.jpg,1600,1032,267365
properties/budlong-street/08-1024.jpg,1024,681,106302
properties/budlong-street/08.jpg,1600,1065,244610
properties/budlong-street/09-1024.jpg,1024,682,97646
properties/budlong-street/09.jpg,1600,1066,215051
properties/budlong-street/10-1024.jpg,1024,836,143404
properties/budlong-street/10.jpg,1600,1306,306016
properties/cedar-street/01-1024.jpg,768,1024,225023
properties/cedar-street/01.jpg,1200,1600,471351
properties/cedar-street/02-1024.jpg,768,1024,215248
properties/cedar-street/02.jpg,1200,1600,439722
properties/cedar-street/03-1024.jpg,768,1024,191132
properties/cedar-street/03.jpg,1200,1600,379131
properties/cedar-street/04-1024.jpg,768,1024,179031
properties/cedar-street/04.jpg,1200,1600,373974
properties/cedar-street/05-1024.jpg,768,1024,247865
properties/cedar-street/05.jpg,1200,1600,515242
properties/cedar-street/06-1024.jpg,1024,819,260444
properties/cedar-street/06.jpg,1402,1122,652430
properties/cedar-street/07-1024.jpg,768,1024,228981
properties/cedar-street/07.jpg,1200,1600,482223
properties/cedar-street/08-1024.jpg,768,1024,229557
properties/cedar-street/08.jpg,1200,1600,485988
properties/cedar-street/hero-sq-1024.jpg,1024,1024,247546
properties/cedar-street/hero-sq.jpg,1400,1400,385055
properties/howder-street/01-1024.jpg,1024,682,290621
properties/howder-street/01.jpg,1600,1066,756988
properties/howder-street/02-1024.jpg,1024,682,307001
properties/howder-street/02.jpg,1600,1066,801875
properties/howder-street/03-1024.jpg,1024,682,303719
properties/howder-street/03.jpg,1600,1066,794323
properties/howder-street/04-1024.jpg,1024,682,121629
properties/howder-street/04.jpg,1600,1066,275375
properties/howder-street/05-1024.jpg,1024,682,106759
properties/howder-street/05.jpg,1600,1066,243002
properties/howder-street/06-1024.jpg,1024,682,91457
properties/howder-street/06.jpg,1600,1066,204741
properties/howder-street/07-1024.jpg,1024,682,111251
properties/howder-street/07.jpg,1600,1066,246284
properties/howder-street/08-1024.jpg,1024,682,88469
properties/howder-street/08.jpg,1600,1066,191593
properties/howder-street/hero-sq-1024.jpg,1024,1024,422683
properties/howder-street/hero-sq.jpg,1400,1400,539222
properties/kendall-street/01-1024.jpg,1024,682,318611
properties/kendall-street/01.jpg,1086,724,402275
properties/kendall-street/02-1024.jpg,1024,682,140428
properties/kendall-street/02.jpg,1086,724,163327
properties/kendall-street/03-1024.jpg,1024,682,115772
properties/kendall-street/03.jpg,1086,724,139175
properties/kendall-street/04-1024.jpg,1024,682,130152
properties/kendall-street/04.jpg,1086,724,157140
properties/kendall-street/05-1024.jpg,1024,682,123492
properties/kendall-street/05.jpg,1086,724,142918
properties/kendall-street/06-1024.jpg,1024,682,111608
properties/kendall-street/06.jpg,1086,724,134481
properties/kendall-street/07-1024.jpg,1024,682,102614
properties/kendall-street/07.jpg,1086,724,120618
properties/kendall-street/08-1024.jpg,1024,682,119177
properties/kendall-street/08.jpg,1086,724,140278
properties/kendall-street/09-1024.jpg,1024,682,128180
properties/kendall-street/09.jpg,1086,724,155878
properties/saint-joe/01-1024.jpg,1024,625,189084
properties/saint-joe/01.jpg,1600,977,408520
properties/saint-joe/02-1024.jpg,770,1024,116324
properties/saint-joe/02.jpg,1204,1600,272188
properties/saint-joe/03-1024.jpg,770,1024,128552
properties/saint-joe/03.jpg,1204,1600,310680
properties/saint-joe/04-1024.jpg,770,1024,96507
properties/saint-joe/04.jpg,1204,1600,223896
properties/saint-joe/05-1024.jpg,1024,668,98454
properties/saint-joe/05.jpg,1600,1045,226962
properties/saint-joe/06-1024.jpg,768,1024,115241
properties/saint-joe/06.jpg,1200,1600,241769
properties/saint-joe/07-1024.jpg,770,1024,117097
properties/saint-joe/07.jpg,1204,1600,267268
properties/saint-joe/08-1024.jpg,770,1024,82201
properties/saint-joe/08.jpg,1204,1600,177118
